"coddivisa";"descripcion";"tasaconv";"tasaconvcompra";"codiso";"simbolo"
"EUR";"EURO";"1";"1";"978";"€"
"ARS";"ARGENTINSKÉ PESO";"16.684";"16.684";"32";"AR$"
"BOB";"BOLIVIJSKÝ BOLIVIANO";"8.0465";"8.0465";"068";"Bs"
"BRL";"BRAZILSKÝ REÁL";"4.50553";"4.50553";"986";"R$"
"BTC";"BITCOIN";"0.0001";"0.0001";"000";"₿"
"CAD";"KANADSKÝ DOLAR";"1.5385";"1.5385";"124";"C$"
"CLP";"CHILSKÉ PESO";"704.0227";"704.0227";"152";"CLP$"
"COP";"KOLUMBIJSKÉ PESO";"3140.6803";"3140.6803";"170";"CO$"
"CRC";"KOSTARICKÝ COLÓN";"659.390";"659.390";"188";"₡"
"CUP";"KUBÁNSKÉ PESO";"1.16";"1.16";"192";"CU$"
"DOP";"DOMINIKÁNSKÉ PESO";"49.7618";"49.7618";"214";"RD$"
"FKP";"FALKLANDSKÁ LIBRA";"1.13304";"1.13304";"238";"FK£"
"GBP";"BRITSKÁ LIBRA";"0.865";"0.865";"826";"£"
"GTQ";"GUATEMALSKÝ QUETZAL";"8.7740";"8.7740";"320";"Q"
"HNL";"HONDURASKÁ LEMPIRA";"27.9090";"27.9090";"340";"L"
"HTG";"HAITSKÝ GOURDE";"72.0869";"72.0869";"332";"G"
"MXN";"MEXICKÉ PESO";"23.3678";"23.3678";"484";"MX$"
"PAB";"PANAMSKÁ BALBOA";"1.128";"1.128";"590";"B"
"PEN";"PERUÁNSKÝ SOL";"3.736";"3.736";"604";"S/"
"PYG";"PARAGUAYSKÉ GUARANÍ";"6647.44318";"6647.44318";"600";"₲"
"SVC";"SALVADORSKÝ COLÓN";"10.17";"10.17";"222";"₡"
"USD";"AMERICKÝ DOLAR";"1.129";"1.129";"840";"$"
"UYU";"URUGUAYSKÉ PESO";"30.70";"30.70";"858";"$U"
"VEF";"VENEZUELSKÝ BOLÍVAR";"10.6492";"10.6492";"937";"Bs"
"XAF";"STŘEDOAFRICKÝ FRANK CFA";"655.957";"655.957";"950";"₣"