codcuentaesp;descripcion
"ACREED";"Kreditorenkonten"
"ANTCLI";"Kundenanzahlungen"
"ANTPRO";"Anzahlungen an Lieferanten"
"BANCO";"Bankkonten"
"CAJA";"Kassenkonten"
"CAMNEG";"Konten für negative Wechselkursdifferenzen"
"CAMPOS";"Konten für positive Wechselkursdifferenzen"
"CLIENT";"Kundenkonten"
"COMPRA";"Einkaufskonten"
"DEVCOM";"Einkaufsrücksendungen"
"DEVVEN";"Verkaufsrücksendungen"
"DIVPOS";"Konten für positive Differenzen in Fremdwährung"
"EURNEG";"Konten für negative Umrechnungsdifferenzen in die Landeswährung"
"EURPOS";"Konten für positive Umrechnungsdifferenzen in die Landeswährung"
"GTOBAN";"Bankgebühren"
"GTORF";"Aufwendungen aus Finanzierungszuschlägen"
"INGRF";"Erträge aus Finanzierungszuschlägen"
"IRPF";"IRPF-Einbehaltskonten"
"IRPFA";"IRPF-Einbehalt auf Mieten"
"IRPFPR";"IRPF-Einbehaltskonten für Lieferanten"
"IVAACR";"MwSt.-Habenkonten bei der Abrechnung"
"IVADEU";"MwSt.-Sollkonten bei der Abrechnung"
"IVAEUE";"MwSt. auf innergemeinschaftliche Lieferungen EU"
"IVAREP";"Umsatzsteuerkonten"
"IVAREX";"Umsatzsteuerkonten für mehrwertsteuerbefreite Kunden"
"IVARRE";"Umsatzsteuerkonten mit Ausgleichszuschlag"
"IVARUE";"Umsatzsteuerkonten EU"
"IVARXP";"Umsatzsteuerkonten für Exporte"
"IVASEX";"Konten für steuerfreie Vorsteuer"
"IVASIM";"Vorsteuerkonten für Importe"
"IVASOP";"Vorsteuerkonten"
"IVASUE";"Vorsteuerkonten EU"
"PRENEG";"Konten für negative Differenzen aus dem Vorjahr"
"PREVIO";"Konten für positive Differenzen aus dem Vorjahr"
"PROVEE";"Lieferantenkonten"
"PYG";"Gewinn und Verlust"
"SUPLI";"Durchlaufende Posten"
"VENTAS";"Erlöskonten"